login,followers,public_repos,type,signals,repos_count,stargazer_repos,subscriber_repos,fork_owner_repos,contributor_repos,html_url
01101sam,21,31,User,contributor,1,,,,avivsinai/MHDDoS,https://github.com/01101sam
Arman2122,18,17,User,contributor,1,,,,avivsinai/MHDDoS,https://github.com/Arman2122
ByronScottJones,32,56,User,stargazer,1,avivsinai/jenkins-cli,,,,https://github.com/ByronScottJones
ConstantinHvber,0,11,User,stargazer,1,avivsinai/langfuse-mcp,,,,https://github.com/ConstantinHvber
CookiesKush,50,28,User,contributor,1,,,,avivsinai/MHDDoS,https://github.com/CookiesKush
Disiok,187,33,User,contributor,1,,,,avivsinai/gpt_index,https://github.com/Disiok
ElephOS2,0,0,User,stargazer,1,avivsinai/jenkins-cli,,,,https://github.com/ElephOS2
EthanBlackburn,57,45,User,contributor,1,,,,avivsinai/gpt_index,https://github.com/EthanBlackburn
Git-Godssoldier,6,111,User,stargazer,1,avivsinai/langfuse-mcp,,,,https://github.com/Git-Godssoldier
JohnShahawy,23,27,User,contributor,1,,,,avivsinai/gpt_index,https://github.com/JohnShahawy
JonathanWorks,4,1,User,stargazer,1,avivsinai/sabx,,,,https://github.com/JonathanWorks
Laboratory,13,43,User,contributor,1,,,,avivsinai/bootstrap-notify,https://github.com/Laboratory
Linchi1997yeh,1,9,User,stargazer,1,avivsinai/langfuse-mcp,,,,https://github.com/Linchi1997yeh
LouisHaoSZER,12,28,User,"fork_owner,stargazer",2,avivsinai/langfuse-mcp,,avivsinai/langfuse-mcp,,https://github.com/LouisHaoSZER
MHProDev,312,3,User,contributor,1,,,,avivsinai/MHDDoS,https://github.com/MHProDev
MarcoWorms,443,228,User,contributor,1,,,,avivsinai/gpt_index,https://github.com/MarcoWorms
MaxFokin,2,2,User,"stargazer,subscriber",3,avivsinai/agent-message-queue;avivsinai/langfuse-mcp,avivsinai/agent-message-queue,,,https://github.com/MaxFokin
MistApproach,2,13,User,contributor,1,,,,avivsinai/gpt_index,https://github.com/MistApproach
MoIbz007,4,6,User,stargazer,1,avivsinai/agent-message-queue,,,,https://github.com/MoIbz007
MrBrain295,81,177,User,contributor,1,,,,avivsinai/MHDDoS,https://github.com/MrBrain295
Naberator,7,26,User,stargazer,1,avivsinai/agent-message-queue,,,,https://github.com/Naberator
OleksandrBlack,30,133,User,contributor,1,,,,avivsinai/MHDDoS,https://github.com/OleksandrBlack
OpulentiaAI,4,577,Organization,fork_owner,1,,,avivsinai/langfuse-mcp,,https://github.com/OpulentiaAI
PXEiYyMH8F,11,4,User,contributor,1,,,,avivsinai/MHDDoS,https://github.com/PXEiYyMH8F
PandaWhoCodes,171,140,User,contributor,1,,,,avivsinai/gpt_index,https://github.com/PandaWhoCodes
Pranavchiku,130,66,User,stargazer,1,avivsinai/langfuse-mcp,,,,https://github.com/Pranavchiku
Robert-Cunningham,17,61,User,stargazer,1,avivsinai/langfuse-mcp,,,,https://github.com/Robert-Cunningham
SCSS18,0,77,User,"fork_owner,stargazer",2,avivsinai/langfuse-mcp,,avivsinai/langfuse-mcp,,https://github.com/SCSS18
Shiyao-Huang,5,24,User,"fork_owner,stargazer",2,avivsinai/langfuse-mcp,,avivsinai/langfuse-mcp,,https://github.com/Shiyao-Huang
SudoLite,209,9,User,contributor,1,,,,avivsinai/MHDDoS,https://github.com/SudoLite
TJZine,0,15,User,stargazer,1,avivsinai/agent-message-queue,,,,https://github.com/TJZine
ThomasRizzo,5,20,User,stargazer,1,avivsinai/bitbucket-cli,,,,https://github.com/ThomasRizzo
VivaLaPanda,25,102,User,contributor,1,,,,avivsinai/gpt_index,https://github.com/VivaLaPanda
Zeyuzhao,38,73,User,contributor,1,,,,avivsinai/gpt_index,https://github.com/Zeyuzhao
aapotapov,0,1,User,stargazer,1,avivsinai/langfuse-mcp,,,,https://github.com/aapotapov
actions-user,3982,0,User,contributor,1,,,,avivsinai/MHDDoS,https://github.com/actions-user
adamcohenhillel,250,52,User,contributor,1,,,,avivsinai/gpt_index,https://github.com/adamcohenhillel
ahmetkca,32,107,User,contributor,1,,,,avivsinai/gpt_index,https://github.com/ahmetkca
alec-tschantz,82,49,User,contributor,1,,,,avivsinai/gpt_index,https://github.com/alec-tschantz
aliyeysides,33,64,User,contributor,1,,,,avivsinai/gpt_index,https://github.com/aliyeysides
amavlyanov,52,1,User,stargazer,1,avivsinai/jenkins-cli,,,,https://github.com/amavlyanov
anochuv,1,2,User,contributor,1,,,,avivsinai/MHDDoS,https://github.com/anochuv
antweiss,57,134,User,stargazer,1,avivsinai/jenkins-cli,,,,https://github.com/antweiss
arbal,118,433,User,stargazer,1,avivsinai/langfuse-mcp,,,,https://github.com/arbal
aviadsTaboola,0,2,User,stargazer,1,avivsinai/jenkins-cli,,,,https://github.com/aviadsTaboola
aviadshiber,7,40,User,"contributor,fork_owner,stargazer,subscriber",6,avivsinai/agent-message-queue,avivsinai/bitbucket-cli,avivsinai/bitbucket-cli;avivsinai/jenkins-cli,avivsinai/bitbucket-cli;avivsinai/jenkins-cli,https://github.com/aviadshiber
avivsinai,21,13,User,"contributor,stargazer,subscriber",21,avivsinai/agent-message-queue;avivsinai/bitbucket-cli;avivsinai/jenkins-cli;avivsinai/langfuse-mcp;avivsinai/sabx;avivsinai/skills-marketplace;avivsinai/telclaude,avivsinai/bootstrap-notify;avivsinai/gkreader;avivsinai/jirameister;avivsinai/langfuse-mcp,,avivsinai/agent-message-queue;avivsinai/bitbucket-cli;avivsinai/bootstrap-notify;avivsinai/gkreader;avivsinai/jenkins-cli;avivsinai/jirameister;avivsinai/langfuse-mcp;avivsinai/sabx;avivsinai/skills-marketplace;avivsinai/telclaude,https://github.com/avivsinai
b13kjack,5,47,User,contributor,1,,,,avivsinai/MHDDoS,https://github.com/b13kjack
bborn,105,152,User,contributor,1,,,,avivsinai/gpt_index,https://github.com/bborn
billmetangmo,31,35,User,"fork_owner,stargazer",2,avivsinai/langfuse-mcp,,avivsinai/langfuse-mcp,,https://github.com/billmetangmo
bjwswang,202,56,User,stargazer,1,avivsinai/langfuse-mcp,,,,https://github.com/bjwswang
boffti,21,86,User,"fork_owner,stargazer",2,avivsinai/langfuse-mcp,,avivsinai/langfuse-mcp,,https://github.com/boffti
burkostya,30,36,User,stargazer,1,avivsinai/langfuse-mcp,,,,https://github.com/burkostya
cactig,1,7,User,contributor,1,,,,avivsinai/MHDDoS,https://github.com/cactig
calclavia,494,66,User,contributor,1,,,,avivsinai/mcp-atlassian,https://github.com/calclavia
cclauss,5025,4604,User,contributor,2,,,,avivsinai/MHDDoS;avivsinai/gpt_index,https://github.com/cclauss
chai3,0,8,User,stargazer,1,avivsinai/langfuse-mcp,,,,https://github.com/chai3
cnrpman,95,55,User,contributor,1,,,,avivsinai/gpt_index,https://github.com/cnrpman
code-review-doctor,25,137,User,contributor,1,,,,avivsinai/MHDDoS,https://github.com/code-review-doctor
cry-stal-lee,62,6,User,contributor,1,,,,avivsinai/gpt_index,https://github.com/cry-stal-lee
cwelton,16,21,User,contributor,1,,,,avivsinai/gpt_index,https://github.com/cwelton
darkanubis0100,58,169,User,contributor,1,,,,avivsinai/MHDDoS,https://github.com/darkanubis0100
dave9123,59,78,User,contributor,1,,,,avivsinai/MHDDoS,https://github.com/dave9123
davidtsong,21,36,User,contributor,1,,,,avivsinai/gpt_index,https://github.com/davidtsong
ddrling,0,1,User,contributor,1,,,,avivsinai/gpt_index,https://github.com/ddrling
delorenj,52,358,User,fork_owner,1,,,avivsinai/langfuse-mcp,,https://github.com/delorenj
dependabot[bot],0,0,Bot,contributor,3,,,,avivsinai/bitbucket-cli;avivsinai/jenkins-cli;avivsinai/telclaude,https://github.com/apps/dependabot
eltociear,1348,78,User,contributor,1,,,,avivsinai/gpt_index,https://github.com/eltociear
emptycrown,196,14,User,contributor,1,,,,avivsinai/gpt_index,https://github.com/emptycrown
ephe-meral,78,45,User,contributor,1,,,,avivsinai/gpt_index,https://github.com/ephe-meral
futumaster,0,9,User,fork_owner,1,,,avivsinai/langfuse-mcp,,https://github.com/futumaster
garyfeng,26,186,User,"contributor,fork_owner,stargazer",3,avivsinai/langfuse-mcp,,avivsinai/langfuse-mcp,avivsinai/langfuse-mcp,https://github.com/garyfeng
geekybaiyi,4,10,User,fork_owner,1,,,avivsinai/langfuse-mcp,,https://github.com/geekybaiyi
gkitg,65,1,User,stargazer,1,avivsinai/langfuse-mcp,,,,https://github.com/gkitg
gwpx,3,0,User,contributor,1,,,,avivsinai/gpt_index,https://github.com/gwpx
haowjy,7,27,User,contributor,1,,,,avivsinai/gpt_index,https://github.com/haowjy
hatm1998,3,5,User,contributor,1,,,,avivsinai/MHDDoS,https://github.com/hatm1998
hongyishi,11,14,User,contributor,1,,,,avivsinai/gpt_index,https://github.com/hongyishi
hursh-desai,2,28,User,contributor,1,,,,avivsinai/gpt_index,https://github.com/hursh-desai
hutchic,84,18,User,stargazer,1,avivsinai/langfuse-mcp,,,,https://github.com/hutchic
hwchase17,9397,62,User,contributor,1,,,,avivsinai/gpt_index,https://github.com/hwchase17
ihfazhillah,37,262,User,contributor,1,,,,avivsinai/gpt_index,https://github.com/ihfazhillah
initdc,74,422,User,stargazer,1,avivsinai/bitbucket-cli,,,,https://github.com/initdc
ionut85,13,63,User,stargazer,1,avivsinai/langfuse-mcp,,,,https://github.com/ionut85
itse4elhaam,21,57,User,stargazer,1,avivsinai/bitbucket-cli,,,,https://github.com/itse4elhaam
janmechtel,17,50,User,stargazer,1,avivsinai/langfuse-mcp,,,,https://github.com/janmechtel
jerryjliu,4120,42,User,contributor,1,,,,avivsinai/gpt_index,https://github.com/jerryjliu
kacperlukawski,96,55,User,contributor,1,,,,avivsinai/gpt_index,https://github.com/kacperlukawski
kahkeng,30,19,User,contributor,1,,,,avivsinai/gpt_index,https://github.com/kahkeng
kevinqz,15,42,User,contributor,1,,,,avivsinai/gpt_index,https://github.com/kevinqz
kwhuo68,29,15,User,contributor,1,,,,avivsinai/gpt_index,https://github.com/kwhuo68
l7wei,16,14,User,contributor,1,,,,avivsinai/MHDDoS,https://github.com/l7wei
lalitkapoor,116,140,User,contributor,1,,,,avivsinai/bootstrap-notify,https://github.com/lalitkapoor
leixy76,89,636,User,stargazer,1,avivsinai/telclaude,,,,https://github.com/leixy76
lidarbtc,456,44,User,contributor,1,,,,avivsinai/MHDDoS,https://github.com/lidarbtc
lmazzon,33,9,User,stargazer,1,avivsinai/langfuse-mcp,,,,https://github.com/lmazzon
manikanda-kumar,14,38,User,stargazer,1,avivsinai/bitbucket-cli,,,,https://github.com/manikanda-kumar
mattbarron,6,2,User,contributor,1,,,,avivsinai/gpt_index,https://github.com/mattbarron
max-zak,2,15,User,stargazer,1,avivsinai/langfuse-mcp,,,,https://github.com/max-zak
mcalvy09,1,5,User,fork_owner,1,,,avivsinai/langfuse-mcp,,https://github.com/mcalvy09
mcminis1,45,8,User,contributor,1,,,,avivsinai/gpt_index,https://github.com/mcminis1
minosvasilias,74,22,User,contributor,1,,,,avivsinai/gpt_index,https://github.com/minosvasilias
mmz-001,116,6,User,contributor,1,,,,avivsinai/gpt_index,https://github.com/mmz-001
mrzt721010,96,10,User,contributor,1,,,,avivsinai/MHDDoS,https://github.com/mrzt721010
nijikokun,467,176,User,contributor,1,,,,avivsinai/bootstrap-notify,https://github.com/nijikokun
nivzor,2,12,User,stargazer,1,avivsinai/jenkins-cli,,,,https://github.com/nivzor
nobilix,21,24,User,stargazer,1,avivsinai/langfuse-mcp,,,,https://github.com/nobilix
omriariav,1,25,User,stargazer,1,avivsinai/bitbucket-cli,,,,https://github.com/omriariav
orgroman,0,9,User,stargazer,1,avivsinai/langfuse-mcp,,,,https://github.com/orgroman
pavanyellow,2,26,User,contributor,1,,,,avivsinai/gpt_index,https://github.com/pavanyellow
porthole-ascend-cinnamon,51,12,User,contributor,1,,,,avivsinai/MHDDoS,https://github.com/porthole-ascend-cinnamon
progsmile,26,19,User,contributor,1,,,,avivsinai/MHDDoS,https://github.com/progsmile
punkpeye,1595,4150,User,contributor,1,,,,avivsinai/mcp-atlassian,https://github.com/punkpeye
quino0627,58,62,User,stargazer,1,avivsinai/langfuse-mcp,,,,https://github.com/quino0627
ravi03071991,175,79,User,contributor,1,,,,avivsinai/gpt_index,https://github.com/ravi03071991
reckless-huang,7,60,User,fork_owner,1,,,avivsinai/langfuse-mcp,,https://github.com/reckless-huang
reduxionist,238,0,User,stargazer,1,avivsinai/bootstrap-notify,,,,https://github.com/reduxionist
rkunnamp,6,297,User,"fork_owner,stargazer",2,avivsinai/agent-message-queue,,avivsinai/agent-message-queue,,https://github.com/rkunnamp
rotem-ad,0,8,User,stargazer,1,avivsinai/langfuse-mcp,,,,https://github.com/rotem-ad
rscheiwe,14,392,User,stargazer,3,avivsinai/agent-message-queue;avivsinai/jenkins-cli;avivsinai/langfuse-mcp,,,,https://github.com/rscheiwe
rzaldana,9,46,User,stargazer,2,avivsinai/bitbucket-cli;avivsinai/jenkins-cli,,,,https://github.com/rzaldana
rzaytsev,8,7,User,stargazer,1,avivsinai/jenkins-cli,,,,https://github.com/rzaytsev
s-dotb,19,3,User,stargazer,1,avivsinai/jenkins-cli,,,,https://github.com/s-dotb
shamsway,12,37,User,stargazer,1,avivsinai/langfuse-mcp,,,,https://github.com/shamsway
shivmohith,7,23,User,stargazer,1,avivsinai/langfuse-mcp,,,,https://github.com/shivmohith
solo0409,0,0,User,stargazer,2,avivsinai/jenkins-cli;avivsinai/langfuse-mcp,,,,https://github.com/solo0409
sooperset,253,35,User,contributor,1,,,,avivsinai/mcp-atlassian,https://github.com/sooperset
sopel,34,78,User,stargazer,1,avivsinai/bitbucket-cli,,,,https://github.com/sopel
stanislavpodolia,4,1,User,contributor,1,,,,avivsinai/MHDDoS,https://github.com/stanislavpodolia
stevenbaker,8,11,User,stargazer,1,avivsinai/jenkins-cli,,,,https://github.com/stevenbaker
talbizit,0,3,User,stargazer,2,avivsinai/bitbucket-cli;avivsinai/jenkins-cli,,,,https://github.com/talbizit
teoh,20,22,User,contributor,1,,,,avivsinai/gpt_index,https://github.com/teoh
terion-name,22,68,User,contributor,1,,,,avivsinai/MHDDoS,https://github.com/terion-name
tidharkl,0,0,User,stargazer,1,avivsinai/jenkins-cli,,,,https://github.com/tidharkl
tigsss,7,19,User,contributor,1,,,,avivsinai/gpt_index,https://github.com/tigsss
tnauman,1,5,User,stargazer,1,avivsinai/agent-message-queue,,,,https://github.com/tnauman
ukrarome,3,5,User,contributor,1,,,,avivsinai/MHDDoS,https://github.com/ukrarome
veered,46,57,User,contributor,1,,,,avivsinai/gpt_index,https://github.com/veered
vguillet,35,50,User,contributor,1,,,,avivsinai/gpt_index,https://github.com/vguillet
yatsu,82,17,User,stargazer,1,avivsinai/langfuse-mcp,,,,https://github.com/yatsu
